gatewayPaymentId,merchantOrderId,amountPaise,currency,status,method,feePaise,taxPaise,refundAmountPaise,gatewayCreatedAt,source,importBatchId
PAY-000001-A,ORD-000001,499900,INR,CAPTURED,UPI,9998,1800,0,2026-08-02T10:02:00.000Z,SYNTHETIC,BATCH-DEMO-V1
PAY-000002-A,ORD-000002,1299900,INR,CAPTURED,CARD,25998,4680,0,2026-08-03T10:02:00.000Z,SYNTHETIC,BATCH-DEMO-V1
PAY-000003-A,ORD-000003,19900,INR,CAPTURED,NETBANKING,398,72,0,2026-08-04T10:02:00.000Z,SYNTHETIC,BATCH-DEMO-V1
PAY-000004-A,ORD-000004,2499900,INR,CAPTURED,NETBANKING,49998,9000,0,2026-08-05T10:02:00.000Z,SYNTHETIC,BATCH-DEMO-V1
PAY-000005-A,ORD-000005,4999900,INR,CAPTURED,CARD,99998,18000,0,2026-08-06T10:02:00.000Z,SYNTHETIC,BATCH-DEMO-V1
PAY-000006-A,ORD-000006,19900,INR,CAPTURED,CARD,398,72,0,2026-08-07T10:02:00.000Z,SYNTHETIC,BATCH-DEMO-V1
PAY-000007-A,ORD-000007,999900,INR,CAPTURED,CARD,19998,3600,0,2026-08-08T10:02:00.000Z,SYNTHETIC,BATCH-DEMO-V1
PAY-000008-A,ORD-000008,999900,INR,CAPTURED,CARD,19998,3600,0,2026-08-09T10:02:00.000Z,SYNTHETIC,BATCH-DEMO-V1
PAY-000009-A,ORD-000009,19900,INR,CAPTURED,UPI,398,72,0,2026-08-10T10:02:00.000Z,SYNTHETIC,BATCH-DEMO-V1
PAY-000010-A,ORD-000010,249900,INR,CAPTURED,CARD,4998,900,0,2026-08-11T10:02:00.000Z,SYNTHETIC,BATCH-DEMO-V1
PAY-000011-A,ORD-000011,749900,INR,CAPTURED,NETBANKING,14998,2700,0,2026-08-12T10:02:00.000Z,SYNTHETIC,BATCH-DEMO-V1
PAY-000012-A,ORD-000012,129900,INR,CAPTURED,UPI,2598,468,0,2026-08-13T10:02:00.000Z,SYNTHETIC,BATCH-DEMO-V1
PAY-000013-A,ORD-000013,1499900,INR,CAPTURED,NETBANKING,29998,5400,0,2026-08-14T10:02:00.000Z,SYNTHETIC,BATCH-DEMO-V1
PAY-000014-A,ORD-000014,1299900,INR,CAPTURED,NETBANKING,25998,4680,0,2026-08-15T10:02:00.000Z,SYNTHETIC,BATCH-DEMO-V1
PAY-000015-A,ORD-000015,249900,INR,CAPTURED,UPI,4998,900,0,2026-08-16T10:02:00.000Z,SYNTHETIC,BATCH-DEMO-V1
PAY-000016-A,ORD-000016,99900,INR,CAPTURED,NETBANKING,1998,360,0,2026-08-17T10:02:00.000Z,SYNTHETIC,BATCH-DEMO-V1
PAY-000017-A,ORD-000017,49900,INR,CAPTURED,NETBANKING,998,180,0,2026-08-18T10:02:00.000Z,SYNTHETIC,BATCH-DEMO-V1
PAY-000018-A,ORD-000018,2499900,INR,CAPTURED,UPI,49998,9000,0,2026-08-19T10:02:00.000Z,SYNTHETIC,BATCH-DEMO-V1
PAY-000019-A,ORD-000019,2499900,INR,CAPTURED,NETBANKING,49998,9000,0,2026-08-20T10:02:00.000Z,SYNTHETIC,BATCH-DEMO-V1
PAY-000020-A,ORD-000020,49900,INR,CAPTURED,CARD,998,180,0,2026-08-21T10:02:00.000Z,SYNTHETIC,BATCH-DEMO-V1
PAY-000021-A,ORD-000021,99900,INR,CAPTURED,CARD,1998,360,0,2026-08-22T10:02:00.000Z,SYNTHETIC,BATCH-DEMO-V1
PAY-000022-A,ORD-000022,4999900,INR,CAPTURED,CARD,99998,18000,0,2026-08-23T10:02:00.000Z,SYNTHETIC,BATCH-DEMO-V1
PAY-000023-A,ORD-000023,99900,INR,CAPTURED,CARD,1998,360,0,2026-08-24T10:02:00.000Z,SYNTHETIC,BATCH-DEMO-V1
PAY-000024-A,ORD-000024,129900,INR,CAPTURED,UPI,2598,468,0,2026-08-25T10:02:00.000Z,SYNTHETIC,BATCH-DEMO-V1
PAY-000025-A,ORD-000025,4999900,INR,CAPTURED,UPI,99998,18000,0,2026-08-26T10:02:00.000Z,SYNTHETIC,BATCH-DEMO-V1
PAY-000026-A,ORD-000026,1499900,INR,CAPTURED,NETBANKING,29998,5400,0,2026-08-27T10:02:00.000Z,SYNTHETIC,BATCH-DEMO-V1
PAY-000027-A,ORD-000027,129900,INR,CAPTURED,CARD,2598,468,0,2026-08-28T10:02:00.000Z,SYNTHETIC,BATCH-DEMO-V1
PAY-000028-A,ORD-000028,1499900,INR,CAPTURED,NETBANKING,29998,5400,0,2026-08-01T10:02:00.000Z,SYNTHETIC,BATCH-DEMO-V1
PAY-000029-A,ORD-000029,129900,INR,CAPTURED,UPI,2598,468,0,2026-08-02T10:02:00.000Z,SYNTHETIC,BATCH-DEMO-V1
PAY-000030-A,ORD-000030,79900,INR,CAPTURED,NETBANKING,1598,288,0,2026-08-03T10:02:00.000Z,SYNTHETIC,BATCH-DEMO-V1
PAY-000031-A,ORD-000031,149900,INR,CAPTURED,CARD,2998,540,0,2026-08-04T10:02:00.000Z,SYNTHETIC,BATCH-DEMO-V1
PAY-000032-A,ORD-000032,399900,INR,CAPTURED,NETBANKING,7998,1440,0,2026-08-05T10:02:00.000Z,SYNTHETIC,BATCH-DEMO-V1
PAY-000033-A,ORD-000033,999900,INR,CAPTURED,NETBANKING,19998,3600,0,2026-08-06T10:02:00.000Z,SYNTHETIC,BATCH-DEMO-V1
PAY-000034-A,ORD-000034,249900,INR,CAPTURED,UPI,4998,900,0,2026-08-07T10:02:00.000Z,SYNTHETIC,BATCH-DEMO-V1
PAY-000035-A,ORD-000035,99900,INR,CAPTURED,UPI,1998,360,0,2026-08-08T10:02:00.000Z,SYNTHETIC,BATCH-DEMO-V1
PAY-000036-A,ORD-000036,499900,INR,CAPTURED,UPI,9998,1800,0,2026-08-09T10:02:00.000Z,SYNTHETIC,BATCH-DEMO-V1
PAY-000037-A,ORD-000037,199900,INR,CAPTURED,UPI,3998,720,0,2026-08-10T10:02:00.000Z,SYNTHETIC,BATCH-DEMO-V1
PAY-000038-A,ORD-000038,499900,INR,CAPTURED,CARD,9998,1800,0,2026-08-11T10:02:00.000Z,SYNTHETIC,BATCH-DEMO-V1
PAY-000039-A,ORD-000039,1299900,INR,CAPTURED,CARD,25998,4680,0,2026-08-12T10:02:00.000Z,SYNTHETIC,BATCH-DEMO-V1
PAY-000040-A,ORD-000040,2499900,INR,CAPTURED,NETBANKING,49998,9000,0,2026-08-13T10:02:00.000Z,SYNTHETIC,BATCH-DEMO-V1
PAY-000041-A,ORD-000041,99900,INR,CAPTURED,UPI,1998,360,0,2026-08-14T10:02:00.000Z,SYNTHETIC,BATCH-DEMO-V1
PAY-000042-A,ORD-000042,99900,INR,CAPTURED,CARD,1998,360,0,2026-08-15T10:02:00.000Z,SYNTHETIC,BATCH-DEMO-V1
PAY-000043-A,ORD-000043,199900,INR,CAPTURED,CARD,3998,720,0,2026-08-16T10:02:00.000Z,SYNTHETIC,BATCH-DEMO-V1
PAY-000044-A,ORD-000044,99900,INR,CAPTURED,NETBANKING,1998,360,0,2026-08-17T10:02:00.000Z,SYNTHETIC,BATCH-DEMO-V1
PAY-000045-A,ORD-000045,1299900,INR,CAPTURED,UPI,25998,4680,0,2026-08-18T10:02:00.000Z,SYNTHETIC,BATCH-DEMO-V1
PAY-000046-A,ORD-000046,499900,INR,CAPTURED,NETBANKING,9998,1800,0,2026-08-19T10:02:00.000Z,SYNTHETIC,BATCH-DEMO-V1
PAY-000047-A,ORD-000047,199900,INR,CAPTURED,CARD,3998,720,0,2026-08-20T10:02:00.000Z,SYNTHETIC,BATCH-DEMO-V1
PAY-000048-A,ORD-000048,79900,INR,CAPTURED,UPI,1598,288,0,2026-08-21T10:02:00.000Z,SYNTHETIC,BATCH-DEMO-V1
PAY-000049-A,ORD-000049,1299900,INR,CAPTURED,UPI,25998,4680,0,2026-08-22T10:02:00.000Z,SYNTHETIC,BATCH-DEMO-V1
PAY-000050-A,ORD-000050,749900,INR,CAPTURED,UPI,14998,2700,0,2026-08-23T10:02:00.000Z,SYNTHETIC,BATCH-DEMO-V1
PAY-000051-A,ORD-000051,99900,INR,CAPTURED,NETBANKING,1998,360,0,2026-08-24T10:02:00.000Z,SYNTHETIC,BATCH-DEMO-V1
PAY-000052-A,ORD-000052,99900,INR,CAPTURED,CARD,1998,360,0,2026-08-25T10:02:00.000Z,SYNTHETIC,BATCH-DEMO-V1
PAY-000053-A,ORD-000053,79900,INR,CAPTURED,CARD,1598,288,0,2026-08-26T10:02:00.000Z,SYNTHETIC,BATCH-DEMO-V1
PAY-000054-A,ORD-000054,399900,INR,CAPTURED,CARD,7998,1440,0,2026-08-27T10:02:00.000Z,SYNTHETIC,BATCH-DEMO-V1
PAY-000055-A,ORD-000055,749900,INR,CAPTURED,CARD,14998,2700,0,2026-08-28T10:02:00.000Z,SYNTHETIC,BATCH-DEMO-V1
PAY-000056-A,ORD-000056,129900,INR,CAPTURED,UPI,2598,468,0,2026-08-01T10:02:00.000Z,SYNTHETIC,BATCH-DEMO-V1
PAY-000057-A,ORD-000057,129900,INR,CAPTURED,CARD,2598,468,0,2026-08-02T10:02:00.000Z,SYNTHETIC,BATCH-DEMO-V1
PAY-000058-A,ORD-000058,499900,INR,CAPTURED,UPI,9998,1800,0,2026-08-03T10:02:00.000Z,SYNTHETIC,BATCH-DEMO-V1
PAY-000059-A,ORD-000059,19900,INR,CAPTURED,NETBANKING,398,72,0,2026-08-04T10:02:00.000Z,SYNTHETIC,BATCH-DEMO-V1
PAY-000060-A,ORD-000060,49900,INR,CAPTURED,CARD,998,180,0,2026-08-05T10:02:00.000Z,SYNTHETIC,BATCH-DEMO-V1
PAY-000061-A,ORD-000061,2499900,INR,CAPTURED,CARD,49998,9000,0,2026-08-06T10:02:00.000Z,SYNTHETIC,BATCH-DEMO-V1
PAY-000062-A,ORD-000062,399900,INR,CAPTURED,UPI,7998,1440,0,2026-08-07T10:02:00.000Z,SYNTHETIC,BATCH-DEMO-V1
PAY-000063-A,ORD-000063,749900,INR,CAPTURED,NETBANKING,14998,2700,0,2026-08-08T10:02:00.000Z,SYNTHETIC,BATCH-DEMO-V1
PAY-000064-A,ORD-000064,4999900,INR,CAPTURED,NETBANKING,99998,18000,0,2026-08-09T10:02:00.000Z,SYNTHETIC,BATCH-DEMO-V1
PAY-000065-A,ORD-000065,749900,INR,CAPTURED,UPI,14998,2700,0,2026-08-10T10:02:00.000Z,SYNTHETIC,BATCH-DEMO-V1
PAY-000066-A,ORD-000066,499900,INR,CAPTURED,NETBANKING,9998,1800,0,2026-08-11T10:02:00.000Z,SYNTHETIC,BATCH-DEMO-V1
PAY-000067-A,ORD-000067,49900,INR,CAPTURED,UPI,998,180,0,2026-08-12T10:02:00.000Z,SYNTHETIC,BATCH-DEMO-V1
PAY-000068-A,ORD-000068,999900,INR,CAPTURED,NETBANKING,19998,3600,0,2026-08-13T10:02:00.000Z,SYNTHETIC,BATCH-DEMO-V1
PAY-000069-A,ORD-000069,49900,INR,CAPTURED,UPI,998,180,0,2026-08-14T10:02:00.000Z,SYNTHETIC,BATCH-DEMO-V1
PAY-000070-A,ORD-000070,4999900,INR,CAPTURED,UPI,99998,18000,0,2026-08-15T10:02:00.000Z,SYNTHETIC,BATCH-DEMO-V1
PAY-000071-A,ORD-000071,2499900,INR,CAPTURED,UPI,49998,9000,0,2026-08-16T10:02:00.000Z,SYNTHETIC,BATCH-DEMO-V1
PAY-000072-A,ORD-000072,499900,INR,CAPTURED,UPI,9998,1800,0,2026-08-17T10:02:00.000Z,SYNTHETIC,BATCH-DEMO-V1
PAY-000073-A,ORD-000073,129900,INR,CAPTURED,UPI,2598,468,0,2026-08-18T10:02:00.000Z,SYNTHETIC,BATCH-DEMO-V1
PAY-000074-A,ORD-000074,199900,INR,CAPTURED,CARD,3998,720,0,2026-08-19T10:02:00.000Z,SYNTHETIC,BATCH-DEMO-V1
PAY-000075-A,ORD-000075,2499900,INR,CAPTURED,UPI,49998,9000,0,2026-08-20T10:02:00.000Z,SYNTHETIC,BATCH-DEMO-V1
PAY-000076-A,ORD-000076,79900,INR,CAPTURED,NETBANKING,1598,288,0,2026-08-21T10:02:00.000Z,SYNTHETIC,BATCH-DEMO-V1
PAY-000077-A,ORD-000077,999900,INR,CAPTURED,UPI,19998,3600,0,2026-08-22T10:02:00.000Z,SYNTHETIC,BATCH-DEMO-V1
PAY-000078-A,ORD-000078,19900,INR,CAPTURED,UPI,398,72,0,2026-08-23T10:02:00.000Z,SYNTHETIC,BATCH-DEMO-V1
PAY-000079-A,ORD-000079,499900,INR,CAPTURED,UPI,9998,1800,0,2026-08-24T10:02:00.000Z,SYNTHETIC,BATCH-DEMO-V1
PAY-000080-A,ORD-000080,79900,INR,CAPTURED,UPI,1598,288,0,2026-08-25T10:02:00.000Z,SYNTHETIC,BATCH-DEMO-V1
PAY-000081-A,ORD-000081,9900,INR,CAPTURED,UPI,198,36,0,2026-08-26T10:02:00.000Z,SYNTHETIC,BATCH-DEMO-V1
PAY-000082-A,ORD-000082,139900,INR,CAPTURED,UPI,2798,504,0,2026-08-27T10:02:00.000Z,SYNTHETIC,BATCH-DEMO-V1
PAY-000083-A,ORD-000083,69900,INR,CAPTURED,UPI,1398,252,0,2026-08-28T10:02:00.000Z,SYNTHETIC,BATCH-DEMO-V1
PAY-000084-A,ORD-000084,39900,INR,CAPTURED,UPI,798,144,0,2026-08-01T10:02:00.000Z,SYNTHETIC,BATCH-DEMO-V1
PAY-000085-A,ORD-000085,139900,INR,CAPTURED,UPI,2798,504,0,2026-08-02T10:02:00.000Z,SYNTHETIC,BATCH-DEMO-V1
PAY-000086-A,ORD-000086,1489900,INR,CAPTURED,UPI,29798,5364,0,2026-08-03T10:02:00.000Z,SYNTHETIC,BATCH-DEMO-V1
PAY-000087-A,ORD-000087,89900,INR,CAPTURED,UPI,1798,324,0,2026-08-04T10:02:00.000Z,SYNTHETIC,BATCH-DEMO-V1
PAY-000088-A,ORD-000088,9900,INR,CAPTURED,UPI,198,36,0,2026-08-05T10:02:00.000Z,SYNTHETIC,BATCH-DEMO-V1
PAY-000089-A,ORD-000089,499900,INR,CAPTURED,CARD,9998,1800,0,2026-08-06T10:02:00.000Z,SYNTHETIC,BATCH-DEMO-V1
PAY-000090-A,ORD-000090,1499900,INR,CAPTURED,CARD,29998,5400,0,2026-08-07T10:02:00.000Z,SYNTHETIC,BATCH-DEMO-V1
PAY-000091-A,ORD-000091,49900,INR,CAPTURED,CARD,998,180,0,2026-08-08T10:02:00.000Z,SYNTHETIC,BATCH-DEMO-V1
PAY-000092-A,ORD-000092,99900,INR,CAPTURED,CARD,1998,360,0,2026-08-09T10:02:00.000Z,SYNTHETIC,BATCH-DEMO-V1
PAY-000093-A,ORD-000093,1299900,INR,CAPTURED,CARD,25998,4680,0,2026-08-10T10:02:00.000Z,SYNTHETIC,BATCH-DEMO-V1
PAY-000094-A,ORD-000094,129900,INR,CAPTURED,CARD,2598,468,0,2026-08-11T10:02:00.000Z,SYNTHETIC,BATCH-DEMO-V1
PAY-000095-A,ORD-000095,79900,INR,CAPTURED,UPI,1598,288,0,2026-08-12T10:02:00.000Z,SYNTHETIC,BATCH-DEMO-V1
PAY-000095-B,ORD-000095,79900,INR,CAPTURED,UPI,1598,288,0,2026-08-12T10:03:00.000Z,SYNTHETIC,BATCH-DEMO-V1
PAY-000096-A,ORD-000096,1499900,INR,CAPTURED,UPI,29998,5400,0,2026-08-13T10:02:00.000Z,SYNTHETIC,BATCH-DEMO-V1
PAY-000096-B,ORD-000096,1499900,INR,CAPTURED,UPI,29998,5400,0,2026-08-13T10:03:00.000Z,SYNTHETIC,BATCH-DEMO-V1
PAY-000097-A,ORD-000097,499900,INR,CAPTURED,UPI,9998,1800,0,2026-08-14T10:02:00.000Z,SYNTHETIC,BATCH-DEMO-V1
PAY-000097-B,ORD-000097,499900,INR,CAPTURED,UPI,9998,1800,0,2026-08-14T10:03:00.000Z,SYNTHETIC,BATCH-DEMO-V1
PAY-000098-A,ORD-000098,129900,INR,CAPTURED,UPI,2598,468,0,2026-08-15T10:02:00.000Z,SYNTHETIC,BATCH-DEMO-V1
PAY-000098-B,ORD-000098,129900,INR,CAPTURED,UPI,2598,468,0,2026-08-15T10:03:00.000Z,SYNTHETIC,BATCH-DEMO-V1
PAY-000099-A,ORD-000099,19900,INR,CAPTURED,UPI,398,72,0,2026-08-16T10:02:00.000Z,SYNTHETIC,BATCH-DEMO-V1
PAY-000099-B,ORD-000099,19900,INR,CAPTURED,UPI,398,72,0,2026-08-16T10:03:00.000Z,SYNTHETIC,BATCH-DEMO-V1
PAY-000100-A,ORD-000100,4999900,INR,CAPTURED,CARD,5000,900,0,2026-08-17T10:02:00.000Z,SYNTHETIC,BATCH-DEMO-V1
PAY-000101-A,ORD-000101,149900,INR,CAPTURED,CARD,5000,900,0,2026-08-18T10:02:00.000Z,SYNTHETIC,BATCH-DEMO-V1
PAY-000102-A,ORD-000102,199900,INR,CAPTURED,CARD,5000,900,0,2026-08-19T10:02:00.000Z,SYNTHETIC,BATCH-DEMO-V1
PAY-000103-A,ORD-000103,79900,INR,CAPTURED,CARD,5000,900,0,2026-08-20T10:02:00.000Z,SYNTHETIC,BATCH-DEMO-V1
PAY-000104-A,ORD-000104,1299900,INR,CAPTURED,CARD,5000,900,0,2026-08-21T10:02:00.000Z,SYNTHETIC,BATCH-DEMO-V1
PAY-000105-A,ORD-000105,149900,INR,REFUNDED,UPI,2998,540,50000,2026-08-22T10:02:00.000Z,SYNTHETIC,BATCH-DEMO-V1
PAY-000106-A,ORD-000106,1499900,INR,REFUNDED,UPI,29998,5400,50000,2026-08-23T10:02:00.000Z,SYNTHETIC,BATCH-DEMO-V1
PAY-000107-A,ORD-000107,999900,INR,REFUNDED,UPI,19998,3600,50000,2026-08-24T10:02:00.000Z,SYNTHETIC,BATCH-DEMO-V1
PAY-000108-A,ORD-000108,99900,INR,REFUNDED,UPI,1998,360,50000,2026-08-25T10:02:00.000Z,SYNTHETIC,BATCH-DEMO-V1
PAY-000113-A,ORD-99000113,19900,INR,CAPTURED,UPI,398,72,0,2026-08-02T10:02:00.000Z,SYNTHETIC,BATCH-DEMO-V1
PAY-000114-A,ORD-99000114,4999900,INR,CAPTURED,UPI,99998,18000,0,2026-08-03T10:02:00.000Z,SYNTHETIC,BATCH-DEMO-V1
PAY-000115-A,ORD-99000115,49900,INR,CAPTURED,UPI,998,180,0,2026-08-04T10:02:00.000Z,SYNTHETIC,BATCH-DEMO-V1
PAY-000116-A,ORD-000116,999900,INR,CAPTURED,UPI,19998,3600,0,2026-08-05T10:02:00.000Z,SYNTHETIC,BATCH-DEMO-V1
PAY-000116-B,ORD-000116,999900,INR,CAPTURED,UPI,19998,3600,0,2026-08-05T10:04:00.000Z,SYNTHETIC,BATCH-DEMO-V1
PAY-000117-A,ORD-000117,249900,INR,CAPTURED,UPI,4998,900,0,2026-08-06T10:02:00.000Z,SYNTHETIC,BATCH-DEMO-V1
PAY-000117-B,ORD-000117,249900,INR,CAPTURED,UPI,4998,900,0,2026-08-06T10:04:00.000Z,SYNTHETIC,BATCH-DEMO-V1
PAY-000118-A,ORD-000118,19900,INR,CAPTURED,UPI,398,72,0,2026-08-07T10:02:00.000Z,SYNTHETIC,BATCH-DEMO-V1
PAY-000118-B,ORD-000118,19900,INR,CAPTURED,UPI,398,72,0,2026-08-07T10:04:00.000Z,SYNTHETIC,BATCH-DEMO-V1
PAY-000119-A,,49900,USD,UNKNOWN,UNKNOWN,0,0,0,2026-08-08T10:02:00.000Z,SYNTHETIC,BATCH-DEMO-V1
PAY-000120-A,,49900,USD,UNKNOWN,UNKNOWN,0,0,0,2026-08-09T10:02:00.000Z,SYNTHETIC,BATCH-DEMO-V1
