merchantOrderId,customerReference,amountPaise,currency,status,createdAtSource,source,importBatchId
ORD-000001,CUST-6537,499900,INR,PAID,2026-08-02T10:00:00.000Z,SYNTHETIC,BATCH-DEMO-V1
ORD-000002,CUST-1802,1299900,INR,PAID,2026-08-03T10:00:00.000Z,SYNTHETIC,BATCH-DEMO-V1
ORD-000003,CUST-5344,19900,INR,PAID,2026-08-04T10:00:00.000Z,SYNTHETIC,BATCH-DEMO-V1
ORD-000004,CUST-7501,2499900,INR,PAID,2026-08-05T10:00:00.000Z,SYNTHETIC,BATCH-DEMO-V1
ORD-000005,CUST-2332,4999900,INR,PAID,2026-08-06T10:00:00.000Z,SYNTHETIC,BATCH-DEMO-V1
ORD-000006,CUST-9968,19900,INR,PAID,2026-08-07T10:00:00.000Z,SYNTHETIC,BATCH-DEMO-V1
ORD-000007,CUST-9126,999900,INR,PAID,2026-08-08T10:00:00.000Z,SYNTHETIC,BATCH-DEMO-V1
ORD-000008,CUST-9580,999900,INR,PAID,2026-08-09T10:00:00.000Z,SYNTHETIC,BATCH-DEMO-V1
ORD-000009,CUST-8484,19900,INR,PAID,2026-08-10T10:00:00.000Z,SYNTHETIC,BATCH-DEMO-V1
ORD-000010,CUST-2347,249900,INR,PAID,2026-08-11T10:00:00.000Z,SYNTHETIC,BATCH-DEMO-V1
ORD-000011,CUST-1503,749900,INR,PAID,2026-08-12T10:00:00.000Z,SYNTHETIC,BATCH-DEMO-V1
ORD-000012,CUST-7794,129900,INR,PAID,2026-08-13T10:00:00.000Z,SYNTHETIC,BATCH-DEMO-V1
ORD-000013,CUST-8135,1499900,INR,PAID,2026-08-14T10:00:00.000Z,SYNTHETIC,BATCH-DEMO-V1
ORD-000014,CUST-1934,1299900,INR,PAID,2026-08-15T10:00:00.000Z,SYNTHETIC,BATCH-DEMO-V1
ORD-000015,CUST-8875,249900,INR,PAID,2026-08-16T10:00:00.000Z,SYNTHETIC,BATCH-DEMO-V1
ORD-000016,CUST-8180,99900,INR,PAID,2026-08-17T10:00:00.000Z,SYNTHETIC,BATCH-DEMO-V1
ORD-000017,CUST-1089,49900,INR,PAID,2026-08-18T10:00:00.000Z,SYNTHETIC,BATCH-DEMO-V1
ORD-000018,CUST-6678,2499900,INR,PAID,2026-08-19T10:00:00.000Z,SYNTHETIC,BATCH-DEMO-V1
ORD-000019,CUST-4351,2499900,INR,PAID,2026-08-20T10:00:00.000Z,SYNTHETIC,BATCH-DEMO-V1
ORD-000020,CUST-5201,49900,INR,PAID,2026-08-21T10:00:00.000Z,SYNTHETIC,BATCH-DEMO-V1
ORD-000021,CUST-1496,99900,INR,PAID,2026-08-22T10:00:00.000Z,SYNTHETIC,BATCH-DEMO-V1
ORD-000022,CUST-4279,4999900,INR,PAID,2026-08-23T10:00:00.000Z,SYNTHETIC,BATCH-DEMO-V1
ORD-000023,CUST-9887,99900,INR,PAID,2026-08-24T10:00:00.000Z,SYNTHETIC,BATCH-DEMO-V1
ORD-000024,CUST-2229,129900,INR,PAID,2026-08-25T10:00:00.000Z,SYNTHETIC,BATCH-DEMO-V1
ORD-000025,CUST-3010,4999900,INR,PAID,2026-08-26T10:00:00.000Z,SYNTHETIC,BATCH-DEMO-V1
ORD-000026,CUST-2748,1499900,INR,PAID,2026-08-27T10:00:00.000Z,SYNTHETIC,BATCH-DEMO-V1
ORD-000027,CUST-5746,129900,INR,PAID,2026-08-28T10:00:00.000Z,SYNTHETIC,BATCH-DEMO-V1
ORD-000028,CUST-2526,1499900,INR,PAID,2026-08-01T10:00:00.000Z,SYNTHETIC,BATCH-DEMO-V1
ORD-000029,CUST-1738,129900,INR,PAID,2026-08-02T10:00:00.000Z,SYNTHETIC,BATCH-DEMO-V1
ORD-000030,CUST-5127,79900,INR,PAID,2026-08-03T10:00:00.000Z,SYNTHETIC,BATCH-DEMO-V1
ORD-000031,CUST-9526,149900,INR,PAID,2026-08-04T10:00:00.000Z,SYNTHETIC,BATCH-DEMO-V1
ORD-000032,CUST-8783,399900,INR,PAID,2026-08-05T10:00:00.000Z,SYNTHETIC,BATCH-DEMO-V1
ORD-000033,CUST-3697,999900,INR,PAID,2026-08-06T10:00:00.000Z,SYNTHETIC,BATCH-DEMO-V1
ORD-000034,CUST-3466,249900,INR,PAID,2026-08-07T10:00:00.000Z,SYNTHETIC,BATCH-DEMO-V1
ORD-000035,CUST-8662,99900,INR,PAID,2026-08-08T10:00:00.000Z,SYNTHETIC,BATCH-DEMO-V1
ORD-000036,CUST-7514,499900,INR,PAID,2026-08-09T10:00:00.000Z,SYNTHETIC,BATCH-DEMO-V1
ORD-000037,CUST-5693,199900,INR,PAID,2026-08-10T10:00:00.000Z,SYNTHETIC,BATCH-DEMO-V1
ORD-000038,CUST-9295,499900,INR,PAID,2026-08-11T10:00:00.000Z,SYNTHETIC,BATCH-DEMO-V1
ORD-000039,CUST-4242,1299900,INR,PAID,2026-08-12T10:00:00.000Z,SYNTHETIC,BATCH-DEMO-V1
ORD-000040,CUST-8323,2499900,INR,PAID,2026-08-13T10:00:00.000Z,SYNTHETIC,BATCH-DEMO-V1
ORD-000041,CUST-1492,99900,INR,PAID,2026-08-14T10:00:00.000Z,SYNTHETIC,BATCH-DEMO-V1
ORD-000042,CUST-8868,99900,INR,PAID,2026-08-15T10:00:00.000Z,SYNTHETIC,BATCH-DEMO-V1
ORD-000043,CUST-2649,199900,INR,PAID,2026-08-16T10:00:00.000Z,SYNTHETIC,BATCH-DEMO-V1
ORD-000044,CUST-6154,99900,INR,PAID,2026-08-17T10:00:00.000Z,SYNTHETIC,BATCH-DEMO-V1
ORD-000045,CUST-3227,1299900,INR,PAID,2026-08-18T10:00:00.000Z,SYNTHETIC,BATCH-DEMO-V1
ORD-000046,CUST-5670,499900,INR,PAID,2026-08-19T10:00:00.000Z,SYNTHETIC,BATCH-DEMO-V1
ORD-000047,CUST-5151,199900,INR,PAID,2026-08-20T10:00:00.000Z,SYNTHETIC,BATCH-DEMO-V1
ORD-000048,CUST-2930,79900,INR,PAID,2026-08-21T10:00:00.000Z,SYNTHETIC,BATCH-DEMO-V1
ORD-000049,CUST-7320,1299900,INR,PAID,2026-08-22T10:00:00.000Z,SYNTHETIC,BATCH-DEMO-V1
ORD-000050,CUST-9603,749900,INR,PAID,2026-08-23T10:00:00.000Z,SYNTHETIC,BATCH-DEMO-V1
ORD-000051,CUST-7394,99900,INR,PAID,2026-08-24T10:00:00.000Z,SYNTHETIC,BATCH-DEMO-V1
ORD-000052,CUST-3676,99900,INR,PAID,2026-08-25T10:00:00.000Z,SYNTHETIC,BATCH-DEMO-V1
ORD-000053,CUST-6855,79900,INR,PAID,2026-08-26T10:00:00.000Z,SYNTHETIC,BATCH-DEMO-V1
ORD-000054,CUST-2225,399900,INR,PAID,2026-08-27T10:00:00.000Z,SYNTHETIC,BATCH-DEMO-V1
ORD-000055,CUST-7642,749900,INR,PAID,2026-08-28T10:00:00.000Z,SYNTHETIC,BATCH-DEMO-V1
ORD-000056,CUST-7961,129900,INR,PAID,2026-08-01T10:00:00.000Z,SYNTHETIC,BATCH-DEMO-V1
ORD-000057,CUST-9712,129900,INR,PAID,2026-08-02T10:00:00.000Z,SYNTHETIC,BATCH-DEMO-V1
ORD-000058,CUST-8323,499900,INR,PAID,2026-08-03T10:00:00.000Z,SYNTHETIC,BATCH-DEMO-V1
ORD-000059,CUST-2916,19900,INR,PAID,2026-08-04T10:00:00.000Z,SYNTHETIC,BATCH-DEMO-V1
ORD-000060,CUST-4158,49900,INR,PAID,2026-08-05T10:00:00.000Z,SYNTHETIC,BATCH-DEMO-V1
ORD-000061,CUST-2347,2499900,INR,PAID,2026-08-06T10:00:00.000Z,SYNTHETIC,BATCH-DEMO-V1
ORD-000062,CUST-7051,399900,INR,PAID,2026-08-07T10:00:00.000Z,SYNTHETIC,BATCH-DEMO-V1
ORD-000063,CUST-8980,749900,INR,PAID,2026-08-08T10:00:00.000Z,SYNTHETIC,BATCH-DEMO-V1
ORD-000064,CUST-3581,4999900,INR,PAID,2026-08-09T10:00:00.000Z,SYNTHETIC,BATCH-DEMO-V1
ORD-000065,CUST-3467,749900,INR,PAID,2026-08-10T10:00:00.000Z,SYNTHETIC,BATCH-DEMO-V1
ORD-000066,CUST-8796,499900,INR,PAID,2026-08-11T10:00:00.000Z,SYNTHETIC,BATCH-DEMO-V1
ORD-000067,CUST-2413,49900,INR,PAID,2026-08-12T10:00:00.000Z,SYNTHETIC,BATCH-DEMO-V1
ORD-000068,CUST-7278,999900,INR,PAID,2026-08-13T10:00:00.000Z,SYNTHETIC,BATCH-DEMO-V1
ORD-000069,CUST-7714,49900,INR,PAID,2026-08-14T10:00:00.000Z,SYNTHETIC,BATCH-DEMO-V1
ORD-000070,CUST-9843,4999900,INR,PAID,2026-08-15T10:00:00.000Z,SYNTHETIC,BATCH-DEMO-V1
ORD-000071,CUST-6523,2499900,INR,PAID,2026-08-16T10:00:00.000Z,SYNTHETIC,BATCH-DEMO-V1
ORD-000072,CUST-5279,499900,INR,PAID,2026-08-17T10:00:00.000Z,SYNTHETIC,BATCH-DEMO-V1
ORD-000073,CUST-8003,129900,INR,PAID,2026-08-18T10:00:00.000Z,SYNTHETIC,BATCH-DEMO-V1
ORD-000074,CUST-6968,199900,INR,PAID,2026-08-19T10:00:00.000Z,SYNTHETIC,BATCH-DEMO-V1
ORD-000075,CUST-2209,2499900,INR,PAID,2026-08-20T10:00:00.000Z,SYNTHETIC,BATCH-DEMO-V1
ORD-000076,CUST-4768,79900,INR,PAID,2026-08-21T10:00:00.000Z,SYNTHETIC,BATCH-DEMO-V1
ORD-000077,CUST-1102,999900,INR,PAID,2026-08-22T10:00:00.000Z,SYNTHETIC,BATCH-DEMO-V1
ORD-000078,CUST-1022,19900,INR,PAID,2026-08-23T10:00:00.000Z,SYNTHETIC,BATCH-DEMO-V1
ORD-000079,CUST-2113,499900,INR,PAID,2026-08-24T10:00:00.000Z,SYNTHETIC,BATCH-DEMO-V1
ORD-000080,CUST-2297,79900,INR,PAID,2026-08-25T10:00:00.000Z,SYNTHETIC,BATCH-DEMO-V1
ORD-000081,CUST-6861,19900,INR,PAID,2026-08-26T10:00:00.000Z,SYNTHETIC,BATCH-DEMO-V1
ORD-000082,CUST-5864,149900,INR,PAID,2026-08-27T10:00:00.000Z,SYNTHETIC,BATCH-DEMO-V1
ORD-000083,CUST-5199,79900,INR,PAID,2026-08-28T10:00:00.000Z,SYNTHETIC,BATCH-DEMO-V1
ORD-000084,CUST-1821,49900,INR,PAID,2026-08-01T10:00:00.000Z,SYNTHETIC,BATCH-DEMO-V1
ORD-000085,CUST-3864,149900,INR,PAID,2026-08-02T10:00:00.000Z,SYNTHETIC,BATCH-DEMO-V1
ORD-000086,CUST-8603,1499900,INR,PAID,2026-08-03T10:00:00.000Z,SYNTHETIC,BATCH-DEMO-V1
ORD-000087,CUST-1411,99900,INR,PAID,2026-08-04T10:00:00.000Z,SYNTHETIC,BATCH-DEMO-V1
ORD-000088,CUST-6129,19900,INR,PAID,2026-08-05T10:00:00.000Z,SYNTHETIC,BATCH-DEMO-V1
ORD-000089,CUST-1326,499900,INR,PAID,2026-08-06T10:00:00.000Z,SYNTHETIC,BATCH-DEMO-V1
ORD-000090,CUST-4344,1499900,INR,PAID,2026-08-07T10:00:00.000Z,SYNTHETIC,BATCH-DEMO-V1
ORD-000091,CUST-1009,49900,INR,PAID,2026-08-08T10:00:00.000Z,SYNTHETIC,BATCH-DEMO-V1
ORD-000092,CUST-8100,99900,INR,PAID,2026-08-09T10:00:00.000Z,SYNTHETIC,BATCH-DEMO-V1
ORD-000093,CUST-2614,1299900,INR,PAID,2026-08-10T10:00:00.000Z,SYNTHETIC,BATCH-DEMO-V1
ORD-000094,CUST-7229,129900,INR,PAID,2026-08-11T10:00:00.000Z,SYNTHETIC,BATCH-DEMO-V1
ORD-000095,CUST-8488,79900,INR,PAID,2026-08-12T10:00:00.000Z,SYNTHETIC,BATCH-DEMO-V1
ORD-000096,CUST-6697,1499900,INR,PAID,2026-08-13T10:00:00.000Z,SYNTHETIC,BATCH-DEMO-V1
ORD-000097,CUST-2707,499900,INR,PAID,2026-08-14T10:00:00.000Z,SYNTHETIC,BATCH-DEMO-V1
ORD-000098,CUST-8862,129900,INR,PAID,2026-08-15T10:00:00.000Z,SYNTHETIC,BATCH-DEMO-V1
ORD-000099,CUST-5905,19900,INR,PAID,2026-08-16T10:00:00.000Z,SYNTHETIC,BATCH-DEMO-V1
ORD-000100,CUST-2646,4999900,INR,PAID,2026-08-17T10:00:00.000Z,SYNTHETIC,BATCH-DEMO-V1
ORD-000101,CUST-7006,149900,INR,PAID,2026-08-18T10:00:00.000Z,SYNTHETIC,BATCH-DEMO-V1
ORD-000102,CUST-7868,199900,INR,PAID,2026-08-19T10:00:00.000Z,SYNTHETIC,BATCH-DEMO-V1
ORD-000103,CUST-4583,79900,INR,PAID,2026-08-20T10:00:00.000Z,SYNTHETIC,BATCH-DEMO-V1
ORD-000104,CUST-7979,1299900,INR,PAID,2026-08-21T10:00:00.000Z,SYNTHETIC,BATCH-DEMO-V1
ORD-000105,CUST-9743,149900,INR,REFUNDED,2026-08-22T10:00:00.000Z,SYNTHETIC,BATCH-DEMO-V1
ORD-000106,CUST-2252,1499900,INR,REFUNDED,2026-08-23T10:00:00.000Z,SYNTHETIC,BATCH-DEMO-V1
ORD-000107,CUST-3974,999900,INR,REFUNDED,2026-08-24T10:00:00.000Z,SYNTHETIC,BATCH-DEMO-V1
ORD-000108,CUST-4944,99900,INR,REFUNDED,2026-08-25T10:00:00.000Z,SYNTHETIC,BATCH-DEMO-V1
ORD-000109,CUST-3855,1499900,INR,PENDING,2026-08-26T10:00:00.000Z,SYNTHETIC,BATCH-DEMO-V1
ORD-000110,CUST-8929,4999900,INR,PENDING,2026-08-27T10:00:00.000Z,SYNTHETIC,BATCH-DEMO-V1
ORD-000111,CUST-7675,19900,INR,PENDING,2026-08-28T10:00:00.000Z,SYNTHETIC,BATCH-DEMO-V1
ORD-000112,CUST-2082,999900,INR,PENDING,2026-08-01T10:00:00.000Z,SYNTHETIC,BATCH-DEMO-V1
ORD-000113,CUST-5363,19900,INR,PAID,2026-08-02T10:00:00.000Z,SYNTHETIC,BATCH-DEMO-V1
ORD-000114,CUST-6736,4999900,INR,PAID,2026-08-03T10:00:00.000Z,SYNTHETIC,BATCH-DEMO-V1
ORD-000115,CUST-4189,49900,INR,PAID,2026-08-04T10:00:00.000Z,SYNTHETIC,BATCH-DEMO-V1
ORD-000116,CUST-4410,999900,INR,PAID,2026-08-05T10:00:00.000Z,SYNTHETIC,BATCH-DEMO-V1
ORD-000117,CUST-5605,249900,INR,PAID,2026-08-06T10:00:00.000Z,SYNTHETIC,BATCH-DEMO-V1
ORD-000118,CUST-4005,19900,INR,PAID,2026-08-07T10:00:00.000Z,SYNTHETIC,BATCH-DEMO-V1
ORD-000119,,49900,INR,UNKNOWN,2026-08-08T10:00:00.000Z,SYNTHETIC,BATCH-DEMO-V1
ORD-000120,,49900,INR,UNKNOWN,2026-08-09T10:00:00.000Z,SYNTHETIC,BATCH-DEMO-V1
