settlementRecordId,settlementId,entityId,merchantOrderId,grossAmountPaise,feePaise,taxPaise,netAmountPaise,currency,settledAt,utr,type,source,importBatchId
SETREC-000001-A,SET-202608-1,PAY-000001-A,ORD-000001,499900,9998,1800,488102,INR,2026-08-04T10:00:00.000Z,UTR00000199,PAYMENT,SYNTHETIC,BATCH-DEMO-V1
SETREC-000002-A,SET-202608-1,PAY-000002-A,ORD-000002,1299900,25998,4680,1269222,INR,2026-08-05T10:00:00.000Z,UTR00000299,PAYMENT,SYNTHETIC,BATCH-DEMO-V1
SETREC-000003-A,SET-202608-1,PAY-000003-A,ORD-000003,19900,398,72,19430,INR,2026-08-06T10:00:00.000Z,UTR00000399,PAYMENT,SYNTHETIC,BATCH-DEMO-V1
SETREC-000004-A,SET-202608-1,PAY-000004-A,ORD-000004,2499900,49998,9000,2440902,INR,2026-08-07T10:00:00.000Z,UTR00000499,PAYMENT,SYNTHETIC,BATCH-DEMO-V1
SETREC-000005-A,SET-202608-1,PAY-000005-A,ORD-000005,4999900,99998,18000,4881902,INR,2026-08-08T10:00:00.000Z,UTR00000599,PAYMENT,SYNTHETIC,BATCH-DEMO-V1
SETREC-000006-A,SET-202608-1,PAY-000006-A,ORD-000006,19900,398,72,19430,INR,2026-08-09T10:00:00.000Z,UTR00000699,PAYMENT,SYNTHETIC,BATCH-DEMO-V1
SETREC-000007-A,SET-202608-1,PAY-000007-A,ORD-000007,999900,19998,3600,976302,INR,2026-08-10T10:00:00.000Z,UTR00000799,PAYMENT,SYNTHETIC,BATCH-DEMO-V1
SETREC-000008-A,SET-202608-1,PAY-000008-A,ORD-000008,999900,19998,3600,976302,INR,2026-08-11T10:00:00.000Z,UTR00000899,PAYMENT,SYNTHETIC,BATCH-DEMO-V1
SETREC-000009-A,SET-202608-1,PAY-000009-A,ORD-000009,19900,398,72,19430,INR,2026-08-12T10:00:00.000Z,UTR00000999,PAYMENT,SYNTHETIC,BATCH-DEMO-V1
SETREC-000010-A,SET-202608-1,PAY-000010-A,ORD-000010,249900,4998,900,244002,INR,2026-08-13T10:00:00.000Z,UTR00001099,PAYMENT,SYNTHETIC,BATCH-DEMO-V1
SETREC-000011-A,SET-202608-2,PAY-000011-A,ORD-000011,749900,14998,2700,732202,INR,2026-08-14T10:00:00.000Z,UTR00001199,PAYMENT,SYNTHETIC,BATCH-DEMO-V1
SETREC-000012-A,SET-202608-2,PAY-000012-A,ORD-000012,129900,2598,468,126834,INR,2026-08-15T10:00:00.000Z,UTR00001299,PAYMENT,SYNTHETIC,BATCH-DEMO-V1
SETREC-000013-A,SET-202608-2,PAY-000013-A,ORD-000013,1499900,29998,5400,1464502,INR,2026-08-16T10:00:00.000Z,UTR00001399,PAYMENT,SYNTHETIC,BATCH-DEMO-V1
SETREC-000014-A,SET-202608-2,PAY-000014-A,ORD-000014,1299900,25998,4680,1269222,INR,2026-08-17T10:00:00.000Z,UTR00001499,PAYMENT,SYNTHETIC,BATCH-DEMO-V1
SETREC-000015-A,SET-202608-2,PAY-000015-A,ORD-000015,249900,4998,900,244002,INR,2026-08-18T10:00:00.000Z,UTR00001599,PAYMENT,SYNTHETIC,BATCH-DEMO-V1
SETREC-000016-A,SET-202608-2,PAY-000016-A,ORD-000016,99900,1998,360,97542,INR,2026-08-19T10:00:00.000Z,UTR00001699,PAYMENT,SYNTHETIC,BATCH-DEMO-V1
SETREC-000017-A,SET-202608-2,PAY-000017-A,ORD-000017,49900,998,180,48722,INR,2026-08-20T10:00:00.000Z,UTR00001799,PAYMENT,SYNTHETIC,BATCH-DEMO-V1
SETREC-000018-A,SET-202608-2,PAY-000018-A,ORD-000018,2499900,49998,9000,2440902,INR,2026-08-21T10:00:00.000Z,UTR00001899,PAYMENT,SYNTHETIC,BATCH-DEMO-V1
SETREC-000019-A,SET-202608-2,PAY-000019-A,ORD-000019,2499900,49998,9000,2440902,INR,2026-08-22T10:00:00.000Z,UTR00001999,PAYMENT,SYNTHETIC,BATCH-DEMO-V1
SETREC-000020-A,SET-202608-2,PAY-000020-A,ORD-000020,49900,998,180,48722,INR,2026-08-23T10:00:00.000Z,UTR00002099,PAYMENT,SYNTHETIC,BATCH-DEMO-V1
SETREC-000021-A,SET-202608-3,PAY-000021-A,ORD-000021,99900,1998,360,97542,INR,2026-08-24T10:00:00.000Z,UTR00002199,PAYMENT,SYNTHETIC,BATCH-DEMO-V1
SETREC-000022-A,SET-202608-3,PAY-000022-A,ORD-000022,4999900,99998,18000,4881902,INR,2026-08-25T10:00:00.000Z,UTR00002299,PAYMENT,SYNTHETIC,BATCH-DEMO-V1
SETREC-000023-A,SET-202608-3,PAY-000023-A,ORD-000023,99900,1998,360,97542,INR,2026-08-26T10:00:00.000Z,UTR00002399,PAYMENT,SYNTHETIC,BATCH-DEMO-V1
SETREC-000024-A,SET-202608-3,PAY-000024-A,ORD-000024,129900,2598,468,126834,INR,2026-08-27T10:00:00.000Z,UTR00002499,PAYMENT,SYNTHETIC,BATCH-DEMO-V1
SETREC-000025-A,SET-202608-3,PAY-000025-A,ORD-000025,4999900,99998,18000,4881902,INR,2026-08-28T10:00:00.000Z,UTR00002599,PAYMENT,SYNTHETIC,BATCH-DEMO-V1
SETREC-000026-A,SET-202608-3,PAY-000026-A,ORD-000026,1499900,29998,5400,1464502,INR,2026-08-29T10:00:00.000Z,UTR00002699,PAYMENT,SYNTHETIC,BATCH-DEMO-V1
SETREC-000027-A,SET-202608-3,PAY-000027-A,ORD-000027,129900,2598,468,126834,INR,2026-08-30T10:00:00.000Z,UTR00002799,PAYMENT,SYNTHETIC,BATCH-DEMO-V1
SETREC-000028-A,SET-202608-3,PAY-000028-A,ORD-000028,1499900,29998,5400,1464502,INR,2026-08-03T10:00:00.000Z,UTR00002899,PAYMENT,SYNTHETIC,BATCH-DEMO-V1
SETREC-000029-A,SET-202608-3,PAY-000029-A,ORD-000029,129900,2598,468,126834,INR,2026-08-04T10:00:00.000Z,UTR00002999,PAYMENT,SYNTHETIC,BATCH-DEMO-V1
SETREC-000030-A,SET-202608-3,PAY-000030-A,ORD-000030,79900,1598,288,78014,INR,2026-08-05T10:00:00.000Z,UTR00003099,PAYMENT,SYNTHETIC,BATCH-DEMO-V1
SETREC-000031-A,SET-202608-4,PAY-000031-A,ORD-000031,149900,2998,540,146362,INR,2026-08-06T10:00:00.000Z,UTR00003199,PAYMENT,SYNTHETIC,BATCH-DEMO-V1
SETREC-000032-A,SET-202608-4,PAY-000032-A,ORD-000032,399900,7998,1440,390462,INR,2026-08-07T10:00:00.000Z,UTR00003299,PAYMENT,SYNTHETIC,BATCH-DEMO-V1
SETREC-000033-A,SET-202608-4,PAY-000033-A,ORD-000033,999900,19998,3600,976302,INR,2026-08-08T10:00:00.000Z,UTR00003399,PAYMENT,SYNTHETIC,BATCH-DEMO-V1
SETREC-000034-A,SET-202608-4,PAY-000034-A,ORD-000034,249900,4998,900,244002,INR,2026-08-09T10:00:00.000Z,UTR00003499,PAYMENT,SYNTHETIC,BATCH-DEMO-V1
SETREC-000035-A,SET-202608-4,PAY-000035-A,ORD-000035,99900,1998,360,97542,INR,2026-08-10T10:00:00.000Z,UTR00003599,PAYMENT,SYNTHETIC,BATCH-DEMO-V1
SETREC-000036-A,SET-202608-4,PAY-000036-A,ORD-000036,499900,9998,1800,488102,INR,2026-08-11T10:00:00.000Z,UTR00003699,PAYMENT,SYNTHETIC,BATCH-DEMO-V1
SETREC-000037-A,SET-202608-4,PAY-000037-A,ORD-000037,199900,3998,720,195182,INR,2026-08-12T10:00:00.000Z,UTR00003799,PAYMENT,SYNTHETIC,BATCH-DEMO-V1
SETREC-000038-A,SET-202608-4,PAY-000038-A,ORD-000038,499900,9998,1800,488102,INR,2026-08-13T10:00:00.000Z,UTR00003899,PAYMENT,SYNTHETIC,BATCH-DEMO-V1
SETREC-000039-A,SET-202608-4,PAY-000039-A,ORD-000039,1299900,25998,4680,1269222,INR,2026-08-14T10:00:00.000Z,UTR00003999,PAYMENT,SYNTHETIC,BATCH-DEMO-V1
SETREC-000040-A,SET-202608-4,PAY-000040-A,ORD-000040,2499900,49998,9000,2440902,INR,2026-08-15T10:00:00.000Z,UTR00004099,PAYMENT,SYNTHETIC,BATCH-DEMO-V1
SETREC-000041-A,SET-202608-5,PAY-000041-A,ORD-000041,99900,1998,360,97542,INR,2026-08-16T10:00:00.000Z,UTR00004199,PAYMENT,SYNTHETIC,BATCH-DEMO-V1
SETREC-000042-A,SET-202608-5,PAY-000042-A,ORD-000042,99900,1998,360,97542,INR,2026-08-17T10:00:00.000Z,UTR00004299,PAYMENT,SYNTHETIC,BATCH-DEMO-V1
SETREC-000043-A,SET-202608-5,PAY-000043-A,ORD-000043,199900,3998,720,195182,INR,2026-08-18T10:00:00.000Z,UTR00004399,PAYMENT,SYNTHETIC,BATCH-DEMO-V1
SETREC-000044-A,SET-202608-5,PAY-000044-A,ORD-000044,99900,1998,360,97542,INR,2026-08-19T10:00:00.000Z,UTR00004499,PAYMENT,SYNTHETIC,BATCH-DEMO-V1
SETREC-000045-A,SET-202608-5,PAY-000045-A,ORD-000045,1299900,25998,4680,1269222,INR,2026-08-20T10:00:00.000Z,UTR00004599,PAYMENT,SYNTHETIC,BATCH-DEMO-V1
SETREC-000046-A,SET-202608-5,PAY-000046-A,ORD-000046,499900,9998,1800,488102,INR,2026-08-21T10:00:00.000Z,UTR00004699,PAYMENT,SYNTHETIC,BATCH-DEMO-V1
SETREC-000047-A,SET-202608-5,PAY-000047-A,ORD-000047,199900,3998,720,195182,INR,2026-08-22T10:00:00.000Z,UTR00004799,PAYMENT,SYNTHETIC,BATCH-DEMO-V1
SETREC-000048-A,SET-202608-5,PAY-000048-A,ORD-000048,79900,1598,288,78014,INR,2026-08-23T10:00:00.000Z,UTR00004899,PAYMENT,SYNTHETIC,BATCH-DEMO-V1
SETREC-000049-A,SET-202608-5,PAY-000049-A,ORD-000049,1299900,25998,4680,1269222,INR,2026-08-24T10:00:00.000Z,UTR00004999,PAYMENT,SYNTHETIC,BATCH-DEMO-V1
SETREC-000050-A,SET-202608-5,PAY-000050-A,ORD-000050,749900,14998,2700,732202,INR,2026-08-25T10:00:00.000Z,UTR00005099,PAYMENT,SYNTHETIC,BATCH-DEMO-V1
SETREC-000051-A,SET-202608-6,PAY-000051-A,ORD-000051,99900,1998,360,97542,INR,2026-08-26T10:00:00.000Z,UTR00005199,PAYMENT,SYNTHETIC,BATCH-DEMO-V1
SETREC-000052-A,SET-202608-6,PAY-000052-A,ORD-000052,99900,1998,360,97542,INR,2026-08-27T10:00:00.000Z,UTR00005299,PAYMENT,SYNTHETIC,BATCH-DEMO-V1
SETREC-000053-A,SET-202608-6,PAY-000053-A,ORD-000053,79900,1598,288,78014,INR,2026-08-28T10:00:00.000Z,UTR00005399,PAYMENT,SYNTHETIC,BATCH-DEMO-V1
SETREC-000054-A,SET-202608-6,PAY-000054-A,ORD-000054,399900,7998,1440,390462,INR,2026-08-29T10:00:00.000Z,UTR00005499,PAYMENT,SYNTHETIC,BATCH-DEMO-V1
SETREC-000055-A,SET-202608-6,PAY-000055-A,ORD-000055,749900,14998,2700,732202,INR,2026-08-30T10:00:00.000Z,UTR00005599,PAYMENT,SYNTHETIC,BATCH-DEMO-V1
SETREC-000056-A,SET-202608-6,PAY-000056-A,ORD-000056,129900,2598,468,126834,INR,2026-08-03T10:00:00.000Z,UTR00005699,PAYMENT,SYNTHETIC,BATCH-DEMO-V1
SETREC-000057-A,SET-202608-6,PAY-000057-A,ORD-000057,129900,2598,468,126834,INR,2026-08-04T10:00:00.000Z,UTR00005799,PAYMENT,SYNTHETIC,BATCH-DEMO-V1
SETREC-000058-A,SET-202608-6,PAY-000058-A,ORD-000058,499900,9998,1800,488102,INR,2026-08-05T10:00:00.000Z,UTR00005899,PAYMENT,SYNTHETIC,BATCH-DEMO-V1
SETREC-000059-A,SET-202608-6,PAY-000059-A,ORD-000059,19900,398,72,19430,INR,2026-08-06T10:00:00.000Z,UTR00005999,PAYMENT,SYNTHETIC,BATCH-DEMO-V1
SETREC-000060-A,SET-202608-6,PAY-000060-A,ORD-000060,49900,998,180,48722,INR,2026-08-07T10:00:00.000Z,UTR00006099,PAYMENT,SYNTHETIC,BATCH-DEMO-V1
SETREC-000061-A,SET-202608-7,PAY-000061-A,ORD-000061,2499900,49998,9000,2440902,INR,2026-08-08T10:00:00.000Z,UTR00006199,PAYMENT,SYNTHETIC,BATCH-DEMO-V1
SETREC-000062-A,SET-202608-7,PAY-000062-A,ORD-000062,399900,7998,1440,390462,INR,2026-08-09T10:00:00.000Z,UTR00006299,PAYMENT,SYNTHETIC,BATCH-DEMO-V1
SETREC-000063-A,SET-202608-7,PAY-000063-A,ORD-000063,749900,14998,2700,732202,INR,2026-08-10T10:00:00.000Z,UTR00006399,PAYMENT,SYNTHETIC,BATCH-DEMO-V1
SETREC-000064-A,SET-202608-7,PAY-000064-A,ORD-000064,4999900,99998,18000,4881902,INR,2026-08-11T10:00:00.000Z,UTR00006499,PAYMENT,SYNTHETIC,BATCH-DEMO-V1
SETREC-000065-A,SET-202608-7,PAY-000065-A,ORD-000065,749900,14998,2700,732202,INR,2026-08-12T10:00:00.000Z,UTR00006599,PAYMENT,SYNTHETIC,BATCH-DEMO-V1
SETREC-000066-A,SET-202608-7,PAY-000066-A,ORD-000066,499900,9998,1800,488102,INR,2026-08-13T10:00:00.000Z,UTR00006699,PAYMENT,SYNTHETIC,BATCH-DEMO-V1
SETREC-000067-A,SET-202608-7,PAY-000067-A,ORD-000067,49900,998,180,48722,INR,2026-08-14T10:00:00.000Z,UTR00006799,PAYMENT,SYNTHETIC,BATCH-DEMO-V1
SETREC-000068-A,SET-202608-7,PAY-000068-A,ORD-000068,999900,19998,3600,976302,INR,2026-08-15T10:00:00.000Z,UTR00006899,PAYMENT,SYNTHETIC,BATCH-DEMO-V1
SETREC-000069-A,SET-202608-7,PAY-000069-A,ORD-000069,49900,998,180,48722,INR,2026-08-16T10:00:00.000Z,UTR00006999,PAYMENT,SYNTHETIC,BATCH-DEMO-V1
SETREC-000070-A,SET-202608-7,PAY-000070-A,ORD-000070,4999900,99998,18000,4881902,INR,2026-08-17T10:00:00.000Z,UTR00007099,PAYMENT,SYNTHETIC,BATCH-DEMO-V1
SETREC-000071-A,SET-202608-8,PAY-000071-A,ORD-000071,2499900,49998,9000,2440902,INR,2026-08-18T10:00:00.000Z,UTR00007199,PAYMENT,SYNTHETIC,BATCH-DEMO-V1
SETREC-000072-A,SET-202608-8,PAY-000072-A,ORD-000072,499900,9998,1800,488102,INR,2026-08-19T10:00:00.000Z,UTR00007299,PAYMENT,SYNTHETIC,BATCH-DEMO-V1
SETREC-000073-A,SET-202608-8,PAY-000073-A,ORD-000073,129900,2598,468,126834,INR,2026-08-20T10:00:00.000Z,UTR00007399,PAYMENT,SYNTHETIC,BATCH-DEMO-V1
SETREC-000074-A,SET-202608-8,PAY-000074-A,ORD-000074,199900,3998,720,195182,INR,2026-08-21T10:00:00.000Z,UTR00007499,PAYMENT,SYNTHETIC,BATCH-DEMO-V1
SETREC-000075-A,SET-202608-8,PAY-000075-A,ORD-000075,2499900,49998,9000,2440902,INR,2026-08-22T10:00:00.000Z,UTR00007599,PAYMENT,SYNTHETIC,BATCH-DEMO-V1
SETREC-000076-A,SET-202608-8,PAY-000076-A,ORD-000076,79900,1598,288,78014,INR,2026-08-23T10:00:00.000Z,UTR00007699,PAYMENT,SYNTHETIC,BATCH-DEMO-V1
SETREC-000077-A,SET-202608-8,PAY-000077-A,ORD-000077,999900,19998,3600,976302,INR,2026-08-24T10:00:00.000Z,UTR00007799,PAYMENT,SYNTHETIC,BATCH-DEMO-V1
SETREC-000078-A,SET-202608-8,PAY-000078-A,ORD-000078,19900,398,72,19430,INR,2026-08-25T10:00:00.000Z,UTR00007899,PAYMENT,SYNTHETIC,BATCH-DEMO-V1
SETREC-000079-A,SET-202608-8,PAY-000079-A,ORD-000079,499900,9998,1800,488102,INR,2026-08-26T10:00:00.000Z,UTR00007999,PAYMENT,SYNTHETIC,BATCH-DEMO-V1
SETREC-000080-A,SET-202608-8,PAY-000080-A,ORD-000080,79900,1598,288,78014,INR,2026-08-27T10:00:00.000Z,UTR00008099,PAYMENT,SYNTHETIC,BATCH-DEMO-V1
SETREC-000081-A,SET-202608-9,PAY-000081-A,ORD-000081,9900,198,36,9666,INR,2026-08-28T10:00:00.000Z,UTR00008199,PAYMENT,SYNTHETIC,BATCH-DEMO-V1
SETREC-000082-A,SET-202608-9,PAY-000082-A,ORD-000082,139900,2798,504,136598,INR,2026-08-29T10:00:00.000Z,UTR00008299,PAYMENT,SYNTHETIC,BATCH-DEMO-V1
SETREC-000083-A,SET-202608-9,PAY-000083-A,ORD-000083,69900,1398,252,68250,INR,2026-08-30T10:00:00.000Z,UTR00008399,PAYMENT,SYNTHETIC,BATCH-DEMO-V1
SETREC-000084-A,SET-202608-9,PAY-000084-A,ORD-000084,39900,798,144,38958,INR,2026-08-03T10:00:00.000Z,UTR00008499,PAYMENT,SYNTHETIC,BATCH-DEMO-V1
SETREC-000085-A,SET-202608-9,PAY-000085-A,ORD-000085,139900,2798,504,136598,INR,2026-08-04T10:00:00.000Z,UTR00008599,PAYMENT,SYNTHETIC,BATCH-DEMO-V1
SETREC-000086-A,SET-202608-9,PAY-000086-A,ORD-000086,1489900,29798,5364,1454738,INR,2026-08-05T10:00:00.000Z,UTR00008699,PAYMENT,SYNTHETIC,BATCH-DEMO-V1
SETREC-000087-A,SET-202608-9,PAY-000087-A,ORD-000087,89900,1798,324,87778,INR,2026-08-06T10:00:00.000Z,UTR00008799,PAYMENT,SYNTHETIC,BATCH-DEMO-V1
SETREC-000088-A,SET-202608-9,PAY-000088-A,ORD-000088,9900,198,36,9666,INR,2026-08-07T10:00:00.000Z,UTR00008899,PAYMENT,SYNTHETIC,BATCH-DEMO-V1
SETREC-000095-A,SET-202608-10,PAY-000095-A,ORD-000095,79900,1598,288,78014,INR,2026-08-14T10:00:00.000Z,UTR00009599,PAYMENT,SYNTHETIC,BATCH-DEMO-V1
SETREC-000096-A,SET-202608-10,PAY-000096-A,ORD-000096,1499900,29998,5400,1464502,INR,2026-08-15T10:00:00.000Z,UTR00009699,PAYMENT,SYNTHETIC,BATCH-DEMO-V1
SETREC-000097-A,SET-202608-10,PAY-000097-A,ORD-000097,499900,9998,1800,488102,INR,2026-08-16T10:00:00.000Z,UTR00009799,PAYMENT,SYNTHETIC,BATCH-DEMO-V1
SETREC-000098-A,SET-202608-10,PAY-000098-A,ORD-000098,129900,2598,468,126834,INR,2026-08-17T10:00:00.000Z,UTR00009899,PAYMENT,SYNTHETIC,BATCH-DEMO-V1
SETREC-000099-A,SET-202608-10,PAY-000099-A,ORD-000099,19900,398,72,19430,INR,2026-08-18T10:00:00.000Z,UTR00009999,PAYMENT,SYNTHETIC,BATCH-DEMO-V1
SETREC-000100-A,SET-202608-10,PAY-000100-A,ORD-000100,4999900,5000,900,4994000,INR,2026-08-19T10:00:00.000Z,UTR00010099,PAYMENT,SYNTHETIC,BATCH-DEMO-V1
SETREC-000101-A,SET-202608-11,PAY-000101-A,ORD-000101,149900,5000,900,144000,INR,2026-08-20T10:00:00.000Z,UTR00010199,PAYMENT,SYNTHETIC,BATCH-DEMO-V1
SETREC-000102-A,SET-202608-11,PAY-000102-A,ORD-000102,199900,5000,900,194000,INR,2026-08-21T10:00:00.000Z,UTR00010299,PAYMENT,SYNTHETIC,BATCH-DEMO-V1
SETREC-000103-A,SET-202608-11,PAY-000103-A,ORD-000103,79900,5000,900,74000,INR,2026-08-22T10:00:00.000Z,UTR00010399,PAYMENT,SYNTHETIC,BATCH-DEMO-V1
SETREC-000104-A,SET-202608-11,PAY-000104-A,ORD-000104,1299900,5000,900,1294000,INR,2026-08-23T10:00:00.000Z,UTR00010499,PAYMENT,SYNTHETIC,BATCH-DEMO-V1
SETREC-000105-A,SET-202608-11,PAY-000105-A,ORD-000105,149900,2998,540,146362,INR,2026-08-24T10:00:00.000Z,UTR00010599,PAYMENT,SYNTHETIC,BATCH-DEMO-V1
SETREC-000105-B,SET-202608-11,PAY-000105-A,ORD-000105,30000,0,0,-30000,INR,2026-08-25T10:00:00.000Z,UTR00010588,REFUND,SYNTHETIC,BATCH-DEMO-V1
SETREC-000106-A,SET-202608-11,PAY-000106-A,ORD-000106,1499900,29998,5400,1464502,INR,2026-08-25T10:00:00.000Z,UTR00010699,PAYMENT,SYNTHETIC,BATCH-DEMO-V1
SETREC-000106-B,SET-202608-11,PAY-000106-A,ORD-000106,30000,0,0,-30000,INR,2026-08-26T10:00:00.000Z,UTR00010688,REFUND,SYNTHETIC,BATCH-DEMO-V1
SETREC-000107-A,SET-202608-11,PAY-000107-A,ORD-000107,999900,19998,3600,976302,INR,2026-08-26T10:00:00.000Z,UTR00010799,PAYMENT,SYNTHETIC,BATCH-DEMO-V1
SETREC-000107-B,SET-202608-11,PAY-000107-A,ORD-000107,30000,0,0,-30000,INR,2026-08-27T10:00:00.000Z,UTR00010788,REFUND,SYNTHETIC,BATCH-DEMO-V1
SETREC-000108-A,SET-202608-11,PAY-000108-A,ORD-000108,99900,1998,360,97542,INR,2026-08-27T10:00:00.000Z,UTR00010899,PAYMENT,SYNTHETIC,BATCH-DEMO-V1
SETREC-000108-B,SET-202608-11,PAY-000108-A,ORD-000108,30000,0,0,-30000,INR,2026-08-28T10:00:00.000Z,UTR00010888,REFUND,SYNTHETIC,BATCH-DEMO-V1
SETREC-000113-A,SET-202608-12,PAY-000113-A,ORD-99000113,19900,398,72,19430,INR,2026-08-04T10:00:00.000Z,UTR00011399,PAYMENT,SYNTHETIC,BATCH-DEMO-V1
SETREC-000114-A,SET-202608-12,PAY-000114-A,ORD-99000114,4999900,99998,18000,4881902,INR,2026-08-05T10:00:00.000Z,UTR00011499,PAYMENT,SYNTHETIC,BATCH-DEMO-V1
SETREC-000115-A,SET-202608-12,PAY-000115-A,ORD-99000115,49900,998,180,48722,INR,2026-08-06T10:00:00.000Z,UTR00011599,PAYMENT,SYNTHETIC,BATCH-DEMO-V1
SETREC-000116-A,SET-202608-12,pay_UNLINKED_AMBIGUOUS,,999900,19998,3600,976302,INR,2026-08-07T10:00:00.000Z,UTR00011699,PAYMENT,SYNTHETIC,BATCH-DEMO-V1
SETREC-000117-A,SET-202608-12,pay_UNLINKED_AMBIGUOUS,,249900,4998,900,244002,INR,2026-08-08T10:00:00.000Z,UTR00011799,PAYMENT,SYNTHETIC,BATCH-DEMO-V1
SETREC-000118-A,SET-202608-12,pay_UNLINKED_AMBIGUOUS,,19900,398,72,19430,INR,2026-08-09T10:00:00.000Z,UTR00011899,PAYMENT,SYNTHETIC,BATCH-DEMO-V1
